Vehicles,AODV,DSDV,AODV-Improved,DSDV-Improved
10,4.00933,4.43585,7.29321,7.92382
20,9.05938,4.41879,16.33982,7.82121
50,14.9625,12.7957,16.21309,13.79212
75,9.4006,7.3874,15.29483,11.01328
100,11.2432,9.87831,15.90283,14.82113
