Vehicles,AODV,DSDV,AODV-Improved,DSDV-Improved
10,0.494267,0.312106,0.721921,0.68381
20,0.67718,0.557882,0.812232,0.79837
50,0.779441,0.82297,0.928322,0.96273
75,0.804848,0.88143,0.968263,0.98232
100,0.771441,0.856427,0.923232,0.97823
