Vehicles,AODV,DSDV,AODV-Improved,DSDV-Improved
10,3.881290323,4.294193548,5.223313,7.233123
20,8.770064516,4.277677419,12.092238,8.239112
50,14.48464516,12.38709677,19.726182,17.879012
75,9.100387097,7.151483871,19.237651,17.017891
100,10.88412903,9.56283871,19.023913,16.918392
