Vehicles,AODV,DSDV,AODV-Improved,DSDV-Improved
10,7.580645161,8.387096774,12.9892,13.08922
20,17.12903226,8.35483871,26.93233,14.97822
50,28.29032258,24.19354839,35.09902,32.93792
75,17.77419355,13.96774194,34.99023,33.98202
100,21.25806452,18.67741935,36.29302,30.39302
